Workbook

Sheet 0-Client Quote
A1: FORGE Estimation — Client Quote (AFP × $/FP)
A3: A. PRICING PARAMETERS (Stack Factor × Org Factor × $/FP)
A4: Parameter | B4: Value | C4: Description / Source
A5: Stack Factor (base tier) | C5: See REFERENCE_TABLE §4: 0.85 (greenfield) → 2.50+ (gov/FedRAMP)
A6: Stack Factor modifiers | C6: On-prem +0.10 / Legacy +0.15 / Multi-cloud +0.15 / Mobile +0.20
A7: Stack Factor TOTAL | C7: =Base + modifiers (enter combined value)
A8: Org Factor | C8: See REFERENCE_TABLE §5: 0.80 (startup) → 3.50 (government)
A9: $/FP Rate | B9: 250 | C9: SEED default $250. Update after 3 sprints via EST-08 calibration.
A10: $/FP Status | B10: SEED | C10: SEED / CALIBRATED — change after 3 sprint actuals
A12: B. QUOTE SUMMARY (AFP = FP × Stack × Org)
A13: Line Item | B13: FP | C13: Stack × Org Adj. | D13: AFP | E13: $ Total (AFP × $/FP)
A14: Sprint 0 — Project Setup (BSP + DSP) | B14: 15 | C14: =IFERROR($B$7*$B$8,"") | D14: =IFERROR(B14*C14,"") | E14: =IFERROR(D14*$B$9,"")
A15: Feature Delivery (from Scenario List) | C15: =IFERROR($B$7*$B$8,"") | D15: =IFERROR(B15*C15,"") | E15: =IFERROR(D15*$B$9,"")
A16: PROJECT TOTAL | B16: =SUM(B14:B15) | C16: =IFERROR($B$7*$B$8,"") | D16: =SUM(D14:D15) | E16: =SUM(E14:E15)
A18: C. DELIVERY COMMITMENT BANDS (from Monte Carlo — EST-07)
A19: Percentile | B19: AFP (adj. for band) | C19: $ Total | D19: Duration (days) | E19: Est. Completion Date
A20: P50 — Median
A21: P80 — Planning Target ★
A22: P95 — Conservative Commitment
A24: D. NOTES
A25: • FP weights: XS=0.5, S=1, M=2, L=3, XL=5 (see REFERENCE_TABLE §1)
A26: • AFP = Σ FP × Stack Factor × Org Factor — this is what the client sees
A27: • $/FP rate starts at $250 SEED. Update via EST-08 after each sprint close.
A28: • ECF / TCF are INTERNAL multipliers (Tab 3-ECF, 4-TCF) — never on this quote
A29: • Delivery bands (section C) are populated after running Monte Carlo (EST-07)

Sheet 1-Setup
A1: FORGE Estimation Template — Setup & Calibration
A3: A. PROJECT PARAMETERS
A4: Project Name
A5: Sprint Duration (days) | B5: 1
A6: Daily Token Throughput (K tokens) | B6: 1500
A7: AI Model | B7: Claude Sonnet 4.x
A8: Productivity Adjustment Factor (PAF) | B8: 1.4
A9: Rework Surcharge (%) | B9: 0.12
A10: Combined Risk Multiplier (ECF × TCF — internal)
A11: Estimation Phase | B11: Approved Concept
A12: Convergence Min Multiplier | B12: 0.5
A13: Convergence Max Multiplier | B13: 2
A15: B. REFERENCE STORY BASELINES (SP = internal effort | FP = client deliverable)
A16: Size | B16: SP (internal) | C16: FP weight (client) | D16: K Min (K tok) | E16: K Exp (K tok) | F16: K Max (K tok) | G16: Status | H16: Source / Notes
A17: XS | B17: 0.5 | C17: 0.5 | D17: 12 | E17: 22 | F17: 36 | G17: SEED | H17: Single HTMX fragment, read-only view
A18: S | B18: 1 | C18: 1 | D18: 25 | E18: 45 | F18: 72 | G18: SEED | H18: Simple CRUD, 1 model, 3-5 scenarios
A19: M | B19: 2 | C19: 2 | D19: 60 | E19: 100 | F19: 160 | G19: SEED | H19: New model+service+repo+view+template
A20: L | B20: 5 | C20: 3 | D20: 155 | E20: 250 | F20: 410 | G20: SEED | H20: Cross-cutting feature (auth, search, export)
A21: XL | B21: 8 | C21: 5 | D21: 275 | E21: 440 | F21: 720 | G21: SEED | H21: Novel integration (external API, MCP server)
A22: SP drives internal token budget (Est. = SP × K × ECF×TCF). FP weights drive client AFP (AFP = Σ FP × Stack × Org). L=5 SP / 3 FP and XL=8 SP / 5 FP — complex work ≠ proportional client value.
A24: C. SPRINT CAPACITY PLANNING
A25: Sprint # | B25: SP Capacity | C25: Token Budget (K, expected) | D25: Token Budget (K, max) | E25: Notes
A26: 1 | C26: =IFERROR(B26*VLOOKUP("M",$A$17:$E$21,4,FALSE)*B10,"") | D26: =IFERROR(B26*VLOOKUP("M",$A$17:$F$21,6,FALSE)*B10*1.15,"")
A27: 2 | C27: =IFERROR(B27*VLOOKUP("M",$A$17:$E$21,4,FALSE)*B10,"") | D27: =IFERROR(B27*VLOOKUP("M",$A$17:$F$21,6,FALSE)*B10*1.15,"")
A28: 3 | C28: =IFERROR(B28*VLOOKUP("M",$A$17:$E$21,4,FALSE)*B10,"") | D28: =IFERROR(B28*VLOOKUP("M",$A$17:$F$21,6,FALSE)*B10*1.15,"")
A29: 4 | C29: =IFERROR(B29*VLOOKUP("M",$A$17:$E$21,4,FALSE)*B10,"") | D29: =IFERROR(B29*VLOOKUP("M",$A$17:$F$21,6,FALSE)*B10*1.15,"")
A30: 5 | C30: =IFERROR(B30*VLOOKUP("M",$A$17:$E$21,4,FALSE)*B10,"") | D30: =IFERROR(B30*VLOOKUP("M",$A$17:$F$21,6,FALSE)*B10*1.15,"")
A31: 6 | C31: =IFERROR(B31*VLOOKUP("M",$A$17:$E$21,4,FALSE)*B10,"") | D31: =IFERROR(B31*VLOOKUP("M",$A$17:$F$21,6,FALSE)*B10*1.15,"")
A32: 7 | C32: =IFERROR(B32*VLOOKUP("M",$A$17:$E$21,4,FALSE)*B10,"") | D32: =IFERROR(B32*VLOOKUP("M",$A$17:$F$21,6,FALSE)*B10*1.15,"")
A33: 8 | C33: =IFERROR(B33*VLOOKUP("M",$A$17:$E$21,4,FALSE)*B10,"") | D33: =IFERROR(B33*VLOOKUP("M",$A$17:$F$21,6,FALSE)*B10*1.15,"")

Sheet 2-Scenario List
A1: Scenario List — Level 1 T-Shirt Sizing (SP = internal | FP = client)
A2: Scenario ID | B2: Feature | C2: Act/Group | D2: Scenario Description | E2: Size | F2: SP (internal) | G2: FP weight (client) | H2: K Min | I2: K Exp | J2: K Max | K2: Adj K Min | L2: Adj K Exp | M2: Adj K Max | N2: Sprint # | O2: Notes / Assumptions
E3: M | F3: =IFERROR(VLOOKUP(E3,'1-Setup'!$A$17:$B$21,2,FALSE),"") | G3: =IFERROR(VLOOKUP(E3,'1-Setup'!$A$17:$C$21,3,FALSE),"") | H3: =IFERROR(VLOOKUP(E3,'1-Setup'!$A$17:$D$21,4,FALSE),"") | I3: =IFERROR(VLOOKUP(E3,'1-Setup'!$A$17:$E$21,5,FALSE),"") | J3: =IFERROR(VLOOKUP(E3,'1-Setup'!$A$17:$F$21,6,FALSE),"") | K3: =IFERROR(H3*F3*'1-Setup'!$B$10*0.85,"") | L3: =IFERROR(I3*F3*'1-Setup'!$B$10,"") | M3: =IFERROR(J3*F3*'1-Setup'!$B$10*1.15,"")
E4: M | F4: =IFERROR(VLOOKUP(E4,'1-Setup'!$A$17:$B$21,2,FALSE),"") | G4: =IFERROR(VLOOKUP(E4,'1-Setup'!$A$17:$C$21,3,FALSE),"") | H4: =IFERROR(VLOOKUP(E4,'1-Setup'!$A$17:$D$21,4,FALSE),"") | I4: =IFERROR(VLOOKUP(E4,'1-Setup'!$A$17:$E$21,5,FALSE),"") | J4: =IFERROR(VLOOKUP(E4,'1-Setup'!$A$17:$F$21,6,FALSE),"") | K4: =IFERROR(H4*F4*'1-Setup'!$B$10*0.85,"") | L4: =IFERROR(I4*F4*'1-Setup'!$B$10,"") | M4: =IFERROR(J4*F4*'1-Setup'!$B$10*1.15,"")
E5: M | F5: =IFERROR(VLOOKUP(E5,'1-Setup'!$A$17:$B$21,2,FALSE),"") | G5: =IFERROR(VLOOKUP(E5,'1-Setup'!$A$17:$C$21,3,FALSE),"") | H5: =IFERROR(VLOOKUP(E5,'1-Setup'!$A$17:$D$21,4,FALSE),"") | I5: =IFERROR(VLOOKUP(E5,'1-Setup'!$A$17:$E$21,5,FALSE),"") | J5: =IFERROR(VLOOKUP(E5,'1-Setup'!$A$17:$F$21,6,FALSE),"") | K5: =IFERROR(H5*F5*'1-Setup'!$B$10*0.85,"") | L5: =IFERROR(I5*F5*'1-Setup'!$B$10,"") | M5: =IFERROR(J5*F5*'1-Setup'!$B$10*1.15,"")
E6: M | F6: =IFERROR(VLOOKUP(E6,'1-Setup'!$A$17:$B$21,2,FALSE),"") | G6: =IFERROR(VLOOKUP(E6,'1-Setup'!$A$17:$C$21,3,FALSE),"") | H6: =IFERROR(VLOOKUP(E6,'1-Setup'!$A$17:$D$21,4,FALSE),"") | I6: =IFERROR(VLOOKUP(E6,'1-Setup'!$A$17:$E$21,5,FALSE),"") | J6: =IFERROR(VLOOKUP(E6,'1-Setup'!$A$17:$F$21,6,FALSE),"") | K6: =IFERROR(H6*F6*'1-Setup'!$B$10*0.85,"") | L6: =IFERROR(I6*F6*'1-Setup'!$B$10,"") | M6: =IFERROR(J6*F6*'1-Setup'!$B$10*1.15,"")
E7: M | F7: =IFERROR(VLOOKUP(E7,'1-Setup'!$A$17:$B$21,2,FALSE),"") | G7: =IFERROR(VLOOKUP(E7,'1-Setup'!$A$17:$C$21,3,FALSE),"") | H7: =IFERROR(VLOOKUP(E7,'1-Setup'!$A$17:$D$21,4,FALSE),"") | I7: =IFERROR(VLOOKUP(E7,'1-Setup'!$A$17:$E$21,5,FALSE),"") | J7: =IFERROR(VLOOKUP(E7,'1-Setup'!$A$17:$F$21,6,FALSE),"") | K7: =IFERROR(H7*F7*'1-Setup'!$B$10*0.85,"") | L7: =IFERROR(I7*F7*'1-Setup'!$B$10,"") | M7: =IFERROR(J7*F7*'1-Setup'!$B$10*1.15,"")
E8: M | F8: =IFERROR(VLOOKUP(E8,'1-Setup'!$A$17:$B$21,2,FALSE),"") | G8: =IFERROR(VLOOKUP(E8,'1-Setup'!$A$17:$C$21,3,FALSE),"") | H8: =IFERROR(VLOOKUP(E8,'1-Setup'!$A$17:$D$21,4,FALSE),"") | I8: =IFERROR(VLOOKUP(E8,'1-Setup'!$A$17:$E$21,5,FALSE),"") | J8: =IFERROR(VLOOKUP(E8,'1-Setup'!$A$17:$F$21,6,FALSE),"") | K8: =IFERROR(H8*F8*'1-Setup'!$B$10*0.85,"") | L8: =IFERROR(I8*F8*'1-Setup'!$B$10,"") | M8: =IFERROR(J8*F8*'1-Setup'!$B$10*1.15,"")
E9: M | F9: =IFERROR(VLOOKUP(E9,'1-Setup'!$A$17:$B$21,2,FALSE),"") | G9: =IFERROR(VLOOKUP(E9,'1-Setup'!$A$17:$C$21,3,FALSE),"") | H9: =IFERROR(VLOOKUP(E9,'1-Setup'!$A$17:$D$21,4,FALSE),"") | I9: =IFERROR(VLOOKUP(E9,'1-Setup'!$A$17:$E$21,5,FALSE),"") | J9: =IFERROR(VLOOKUP(E9,'1-Setup'!$A$17:$F$21,6,FALSE),"") | K9: =IFERROR(H9*F9*'1-Setup'!$B$10*0.85,"") | L9: =IFERROR(I9*F9*'1-Setup'!$B$10,"") | M9: =IFERROR(J9*F9*'1-Setup'!$B$10*1.15,"")
E10: M | F10: =IFERROR(VLOOKUP(E10,'1-Setup'!$A$17:$B$21,2,FALSE),"") | G10: =IFERROR(VLOOKUP(E10,'1-Setup'!$A$17:$C$21,3,FALSE),"") | H10: =IFERROR(VLOOKUP(E10,'1-Setup'!$A$17:$D$21,4,FALSE),"") | I10: =IFERROR(VLOOKUP(E10,'1-Setup'!$A$17:$E$21,5,FALSE),"") | J10: =IFERROR(VLOOKUP(E10,'1-Setup'!$A$17:$F$21,6,FALSE),"") | K10: =IFERROR(H10*F10*'1-Setup'!$B$10*0.85,"") | L10: =IFERROR(I10*F10*'1-Setup'!$B$10,"") | M10: =IFERROR(J10*F10*'1-Setup'!$B$10*1.15,"")
E11: M | F11: =IFERROR(VLOOKUP(E11,'1-Setup'!$A$17:$B$21,2,FALSE),"") | G11: =IFERROR(VLOOKUP(E11,'1-Setup'!$A$17:$C$21,3,FALSE),"") | H11: =IFERROR(VLOOKUP(E11,'1-Setup'!$A$17:$D$21,4,FALSE),"") | I11: =IFERROR(VLOOKUP(E11,'1-Setup'!$A$17:$E$21,5,FALSE),"") | J11: =IFERROR(VLOOKUP(E11,'1-Setup'!$A$17:$F$21,6,FALSE),"") | K11: =IFERROR(H11*F11*'1-Setup'!$B$10*0.85,"") | L11: =IFERROR(I11*F11*'1-Setup'!$B$10,"") | M11: =IFERROR(J11*F11*'1-Setup'!$B$10*1.15,"")
E12: M | F12: =IFERROR(VLOOKUP(E12,'1-Setup'!$A$17:$B$21,2,FALSE),"") | G12: =IFERROR(VLOOKUP(E12,'1-Setup'!$A$17:$C$21,3,FALSE),"") | H12: =IFERROR(VLOOKUP(E12,'1-Setup'!$A$17:$D$21,4,FALSE),"") | I12: =IFERROR(VLOOKUP(E12,'1-Setup'!$A$17:$E$21,5,FALSE),"") | J12: =IFERROR(VLOOKUP(E12,'1-Setup'!$A$17:$F$21,6,FALSE),"") | K12: =IFERROR(H12*F12*'1-Setup'!$B$10*0.85,"") | L12: =IFERROR(I12*F12*'1-Setup'!$B$10,"") | M12: =IFERROR(J12*F12*'1-Setup'!$B$10*1.15,"")
E13: M | F13: =IFERROR(VLOOKUP(E13,'1-Setup'!$A$17:$B$21,2,FALSE),"") | G13: =IFERROR(VLOOKUP(E13,'1-Setup'!$A$17:$C$21,3,FALSE),"") | H13: =IFERROR(VLOOKUP(E13,'1-Setup'!$A$17:$D$21,4,FALSE),"") | I13: =IFERROR(VLOOKUP(E13,'1-Setup'!$A$17:$E$21,5,FALSE),"") | J13: =IFERROR(VLOOKUP(E13,'1-Setup'!$A$17:$F$21,6,FALSE),"") | K13: =IFERROR(H13*F13*'1-Setup'!$B$10*0.85,"") | L13: =IFERROR(I13*F13*'1-Setup'!$B$10,"") | M13: =IFERROR(J13*F13*'1-Setup'!$B$10*1.15,"")
E14: M | F14: =IFERROR(VLOOKUP(E14,'1-Setup'!$A$17:$B$21,2,FALSE),"") | G14: =IFERROR(VLOOKUP(E14,'1-Setup'!$A$17:$C$21,3,FALSE),"") | H14: =IFERROR(VLOOKUP(E14,'1-Setup'!$A$17:$D$21,4,FALSE),"") | I14: =IFERROR(VLOOKUP(E14,'1-Setup'!$A$17:$E$21,5,FALSE),"") | J14: =IFERROR(VLOOKUP(E14,'1-Setup'!$A$17:$F$21,6,FALSE),"") | K14: =IFERROR(H14*F14*'1-Setup'!$B$10*0.85,"") | L14: =IFERROR(I14*F14*'1-Setup'!$B$10,"") | M14: =IFERROR(J14*F14*'1-Setup'!$B$10*1.15,"")
... E27: M | F27: =IFERROR(VLOOKUP(E27,'1-Setup'!$A$17:$B$21,2,FALSE),"") | G27: =IFERROR(VLOOKUP(E27,'1-Setup'!$A$17:$C$21,3,FALSE),"") | H27: =IFERROR(VLOOKUP(E27,'1-Setup'!$A$17:$D$21,4,FALSE),"") | I27: =IFERROR(VLOOKUP(E27,'1-Setup'!$A$17:$E$21,5,FALSE),"") | J27: =IFERROR(VLOOKUP(E27,'1-Setup'!$A$17:$F$21,6,FALSE),"") | K27: =IFERROR(H27*F27*'1-Setup'!$B$10*0.85,"") | L27: =IFERROR(I27*F27*'1-Setup'!$B$10,"") | M27: =IFERROR(J27*F27*'1-Setup'!$B$10*1.15,"")
A28: TOTALS | F28: =SUM(F3:F27) | G28: =SUM(G3:G27) | K28: =SUM(K3:K27) | L28: =SUM(L3:L27) | M28: =SUM(M3:M27)
A29: Total FP (row 28, col G) → copy to '0-Client Quote'!B15 (Feature Delivery FP) to compute AFP.

Sheet 3-ECF
A1: Environmental Complexity Factors (ECF) — INTERNAL
A2: INTERNAL: ECF feeds the internal combined multiplier (token budget). Never shown to client.
A3: # | B3: Factor | C3: Weight | D3: Rating (0–5) | E3: Weighted | F3: Notes
A4: E1 | B4: Familiarity with AI model/tooling | C4: 1.5 | D4: 3 | E4: =C4*D4
A5: E2 | B5: Part-time participation / context switching | C5: -1 | D5: 3 | E5: =C5*D5
A6: E3 | B6: Analyst / prompt engineering experience | C6: 0.5 | D6: 3 | E6: =C6*D6
A7: E4 | B7: Lead developer application experience | C7: 0.5 | D7: 3 | E7: =C7*D7
A8: E5 | B8: Motivation of team | C8: 1 | D8: 3 | E8: =C8*D8
A9: E6 | B9: Stability of requirements | C9: 2 | D9: 3 | E9: =C9*D9
A10: E7 | B10: Part-time users / product owners | C10: -1 | D10: 3 | E10: =C10*D10
A11: E8 | B11: Difficulty of stack / language | C11: -1 | D11: 3 | E11: =C11*D11
A12: AI-Specific Extension Factors
A13: A1 | B13: AI model tier (Opus=5, Sonnet=3, Haiku=1) | C13: 0.8 | D13: 3 | E13: =C13*D13
A14: A2 | B14: Prompt maturity (mature=5, first use=1) | C14: 0.6 | D14: 3 | E14: =C14*D14
A15: A3 | B15: Hallucination risk (low risk=5, high risk=1) | C15: -0.5 | D15: 3 | E15: =C15*D15
A16: A4 | B16: Context window pressure (large ctx=5, small=1) | C16: -0.4 | D16: 3 | E16: =C16*D16
A17: A5 | B17: AI code rework rate (41% baseline = rating 3) | C17: -0.6 | D17: 3 | E17: =C17*D17
A18: ECF Base | C18: =1.4+(-0.03*SUM(E4:E11))
A19: AI Adjustment | C19: =1+(0.05*SUM(E13:E17))
A20: ECF Final = Base × AI Adj | C20: =C18*C19
A22: → ECF Final × TCF Final = Combined Multiplier → paste into '1-Setup'!B10

Sheet 4-TCF
A1: Technical Complexity Factors (TCF) — INTERNAL
A2: INTERNAL: TCF feeds the combined multiplier. Client-facing complexity is captured by Stack Factor (Tab 0).
A3: # | B3: Factor | C3: Weight | D3: Rating (0–5) | E3: Weighted | F3: Notes
A4: T1 | B4: Distributed system / microservices | C4: 2 | D4: 3 | E4: =C4*D4
A5: T2 | B5: Response time / performance requirements | C5: 1 | D5: 3 | E5: =C5*D5
A6: T3 | B6: End-user efficiency (optimized UX) | C6: 1 | D6: 3 | E6: =C6*D6
A7: T4 | B7: Complex internal processing / algorithms | C7: 1 | D7: 3 | E7: =C7*D7
A8: T5 | B8: Code reusability requirement | C8: 1 | D8: 3 | E8: =C8*D8
A9: T6 | B9: Easy to install / deploy | C9: 0.5 | D9: 3 | E9: =C9*D9
A10: T7 | B10: Easy to use (usability target) | C10: 0.5 | D10: 3 | E10: =C10*D10
A11: T8 | B11: Portability across platforms | C11: 2 | D11: 3 | E11: =C11*D11
A12: T9 | B12: Maintainability / easy to change | C12: 1 | D12: 3 | E12: =C12*D12
A13: T10 | B13: Concurrent use / multi-user | C13: 1 | D13: 3 | E13: =C13*D13
A14: T11 | B14: Security features | C14: 1 | D14: 3 | E14: =C14*D14
A15: T12 | B15: Third-party API / direct access | C15: 1 | D15: 3 | E15: =C15*D15
A16: T13 | B16: Special user training required | C16: 1 | D16: 3 | E16: =C16*D16
A17: TCF Final | C17: =0.6+(0.01*SUM(E4:E16))
A18: ECF Final (from ECF tab) | C18: ='3-ECF'!C20
A19: Combined Multiplier (ECF × TCF) | C19: =C17*C18
A20: → Copy Combined Multiplier to '1-Setup'!B10

Sheet 5-Rough Estimates
A1: Rough Estimates — Token Budget (internal) & AFP Preview (client)
A2: Sprint # | B2: Scenarios | C2: SP Total | D2: FP Total | E2: Tokens Min (K) | F2: Tokens Exp (K) | G2: Tokens Max (K) | H2: Duration Min (d) | I2: Duration Exp (d) | J2: Duration Max (d) | K2: AFP Preview | L2: AFP $ Preview | M2: Phase | N2: Calibration | O2: Notes
A3: 1 | E3: =IFERROR(C3*VLOOKUP("M",'1-Setup'!$A$17:$D$21,4,FALSE)*'1-Setup'!$B$10*0.85,"") | F3: =IFERROR(C3*VLOOKUP("M",'1-Setup'!$A$17:$E$21,5,FALSE)*'1-Setup'!$B$10,"") | G3: =IFERROR(C3*VLOOKUP("M",'1-Setup'!$A$17:$F$21,6,FALSE)*'1-Setup'!$B$10*1.15,"") | H3: =IFERROR(E3/'1-Setup'!$B$6,"") | I3: =IFERROR(F3/'1-Setup'!$B$6,"") | J3: =IFERROR(G3/'1-Setup'!$B$6,"") | K3: =IFERROR(D3*'0-Client Quote'!$B$7*'0-Client Quote'!$B$8,"") | L3: =IFERROR(K3*'0-Client Quote'!$B$9,"") | M3: Approved Concept | N3: SEED
A4: 2 | E4: =IFERROR(C4*VLOOKUP("M",'1-Setup'!$A$17:$D$21,4,FALSE)*'1-Setup'!$B$10*0.85,"") | F4: =IFERROR(C4*VLOOKUP("M",'1-Setup'!$A$17:$E$21,5,FALSE)*'1-Setup'!$B$10,"") | G4: =IFERROR(C4*VLOOKUP("M",'1-Setup'!$A$17:$F$21,6,FALSE)*'1-Setup'!$B$10*1.15,"") | H4: =IFERROR(E4/'1-Setup'!$B$6,"") | I4: =IFERROR(F4/'1-Setup'!$B$6,"") | J4: =IFERROR(G4/'1-Setup'!$B$6,"") | K4: =IFERROR(D4*'0-Client Quote'!$B$7*'0-Client Quote'!$B$8,"") | L4: =IFERROR(K4*'0-Client Quote'!$B$9,"") | M4: Approved Concept | N4: SEED
A5: 3 | E5: =IFERROR(C5*VLOOKUP("M",'1-Setup'!$A$17:$D$21,4,FALSE)*'1-Setup'!$B$10*0.85,"") | F5: =IFERROR(C5*VLOOKUP("M",'1-Setup'!$A$17:$E$21,5,FALSE)*'1-Setup'!$B$10,"") | G5: =IFERROR(C5*VLOOKUP("M",'1-Setup'!$A$17:$F$21,6,FALSE)*'1-Setup'!$B$10*1.15,"") | H5: =IFERROR(E5/'1-Setup'!$B$6,"") | I5: =IFERROR(F5/'1-Setup'!$B$6,"") | J5: =IFERROR(G5/'1-Setup'!$B$6,"") | K5: =IFERROR(D5*'0-Client Quote'!$B$7*'0-Client Quote'!$B$8,"") | L5: =IFERROR(K5*'0-Client Quote'!$B$9,"") | M5: Approved Concept | N5: SEED
A6: 4 | E6: =IFERROR(C6*VLOOKUP("M",'1-Setup'!$A$17:$D$21,4,FALSE)*'1-Setup'!$B$10*0.85,"") | F6: =IFERROR(C6*VLOOKUP("M",'1-Setup'!$A$17:$E$21,5,FALSE)*'1-Setup'!$B$10,"") | G6: =IFERROR(C6*VLOOKUP("M",'1-Setup'!$A$17:$F$21,6,FALSE)*'1-Setup'!$B$10*1.15,"") | H6: =IFERROR(E6/'1-Setup'!$B$6,"") | I6: =IFERROR(F6/'1-Setup'!$B$6,"") | J6: =IFERROR(G6/'1-Setup'!$B$6,"") | K6: =IFERROR(D6*'0-Client Quote'!$B$7*'0-Client Quote'!$B$8,"") | L6: =IFERROR(K6*'0-Client Quote'!$B$9,"") | M6: Approved Concept | N6: SEED
A7: 5 | E7: =IFERROR(C7*VLOOKUP("M",'1-Setup'!$A$17:$D$21,4,FALSE)*'1-Setup'!$B$10*0.85,"") | F7: =IFERROR(C7*VLOOKUP("M",'1-Setup'!$A$17:$E$21,5,FALSE)*'1-Setup'!$B$10,"") | G7: =IFERROR(C7*VLOOKUP("M",'1-Setup'!$A$17:$F$21,6,FALSE)*'1-Setup'!$B$10*1.15,"") | H7: =IFERROR(E7/'1-Setup'!$B$6,"") | I7: =IFERROR(F7/'1-Setup'!$B$6,"") | J7: =IFERROR(G7/'1-Setup'!$B$6,"") | K7: =IFERROR(D7*'0-Client Quote'!$B$7*'0-Client Quote'!$B$8,"") | L7: =IFERROR(K7*'0-Client Quote'!$B$9,"") | M7: Approved Concept | N7: SEED
A8: 6 | E8: =IFERROR(C8*VLOOKUP("M",'1-Setup'!$A$17:$D$21,4,FALSE)*'1-Setup'!$B$10*0.85,"") | F8: =IFERROR(C8*VLOOKUP("M",'1-Setup'!$A$17:$E$21,5,FALSE)*'1-Setup'!$B$10,"") | G8: =IFERROR(C8*VLOOKUP("M",'1-Setup'!$A$17:$F$21,6,FALSE)*'1-Setup'!$B$10*1.15,"") | H8: =IFERROR(E8/'1-Setup'!$B$6,"") | I8: =IFERROR(F8/'1-Setup'!$B$6,"") | J8: =IFERROR(G8/'1-Setup'!$B$6,"") | K8: =IFERROR(D8*'0-Client Quote'!$B$7*'0-Client Quote'!$B$8,"") | L8: =IFERROR(K8*'0-Client Quote'!$B$9,"") | M8: Approved Concept | N8: SEED
A9: 7 | E9: =IFERROR(C9*VLOOKUP("M",'1-Setup'!$A$17:$D$21,4,FALSE)*'1-Setup'!$B$10*0.85,"") | F9: =IFERROR(C9*VLOOKUP("M",'1-Setup'!$A$17:$E$21,5,FALSE)*'1-Setup'!$B$10,"") | G9: =IFERROR(C9*VLOOKUP("M",'1-Setup'!$A$17:$F$21,6,FALSE)*'1-Setup'!$B$10*1.15,"") | H9: =IFERROR(E9/'1-Setup'!$B$6,"") | I9: =IFERROR(F9/'1-Setup'!$B$6,"") | J9: =IFERROR(G9/'1-Setup'!$B$6,"") | K9: =IFERROR(D9*'0-Client Quote'!$B$7*'0-Client Quote'!$B$8,"") | L9: =IFERROR(K9*'0-Client Quote'!$B$9,"") | M9: Approved Concept | N9: SEED
A10: 8 | E10: =IFERROR(C10*VLOOKUP("M",'1-Setup'!$A$17:$D$21,4,FALSE)*'1-Setup'!$B$10*0.85,"") | F10: =IFERROR(C10*VLOOKUP("M",'1-Setup'!$A$17:$E$21,5,FALSE)*'1-Setup'!$B$10,"") | G10: =IFERROR(C10*VLOOKUP("M",'1-Setup'!$A$17:$F$21,6,FALSE)*'1-Setup'!$B$10*1.15,"") | H10: =IFERROR(E10/'1-Setup'!$B$6,"") | I10: =IFERROR(F10/'1-Setup'!$B$6,"") | J10: =IFERROR(G10/'1-Setup'!$B$6,"") | K10: =IFERROR(D10*'0-Client Quote'!$B$7*'0-Client Quote'!$B$8,"") | L10: =IFERROR(K10*'0-Client Quote'!$B$9,"") | M10: Approved Concept | N10: SEED
A11: PROJECT TOTAL | C11: =SUM(C3:C10) | D11: =SUM(D3:D10) | E11: =SUM(E3:E10) | F11: =SUM(F3:F10) | G11: =SUM(G3:G10) | H11: =SUM(H3:H10) | I11: =SUM(I3:I10) | J11: =SUM(J3:J10) | ... L11: =SUM(L3:L10)

Sheet 6-Monte Carlo
A1: Monte Carlo Simulation — P50 / P80 / P95 Forecasts
A3: SIMULATION PARAMETERS
A4: Iterations | B4: 10000
A5: Scenarios (from Scenario List) | B5: =COUNTA('2-Scenario List'!A3:A27)
A6: Distribution Type | B6: Triangular
A7: Sprint Dependency | B7: Sequential
A8: Daily Throughput (K tokens) | B8: ='1-Setup'!B6
A9: Combined Multiplier (internal) | B9: ='1-Setup'!B10
A10: Stack Factor (client) | B10: ='0-Client Quote'!B7
A11: Org Factor (client) | B11: ='0-Client Quote'!B8
A12: $/FP Rate | B12: ='0-Client Quote'!B9
A14: SIMULATION RESULTS (run VBA macro: Alt+F8 → RunMonteCarloSimulation)
A15: Percentile | B15: Probability | C15: Token Budget (K) | D15: Token Budget ($) | E15: Duration (days) | F15: AFP (client) | G15: Quote Total ($)
A16: P10 | B16: 10%
A17: P50 — Median | B17: 50%
A18: P80 — Planning Target ★ | B18: 80%
A19: P95 — Conservative Commitment | B19: 95%
A21: EBS SIMULATION DATA — 100-percentile probability distribution (populated by EST-07)
A22: # | B22: Probability (%) | C22: Token Budget (K tokens) | D22: Duration (days)

Sheet 7-WBS Features
A1: Work Breakdown Structure — Function Point Decomposition (BPE-01 per feature)
A2: Scenario ID | B2: Feature | C2: Sprint | D2: Work Package # | E2: Artifact (from BPE-01 Plan) | F2: BPE Activity | G2: Reuse Flag | H2: Reuse Mult. | I2: WP Min (K) | J2: WP Exp (K) | K2: WP Max (K) | L2: Adj Min | M2: Adj Exp | N2: Adj Max | O2: Notes
A3: ← Run BPE-01 (Plan Feature) in estimation mode for each scenario. BPE-01 produces the artifact list; enter one row per artifact here. Do NOT pre-fill — every feature has a different artifact set.
L4: =IFERROR(I4*H4,"") | M4: =IFERROR(J4*H4,"") | N4: =IFERROR(K4*H4,"")
L5: =IFERROR(I5*H5,"") | M5: =IFERROR(J5*H5,"") | N5: =IFERROR(K5*H5,"")
L6: =IFERROR(I6*H6,"") | M6: =IFERROR(J6*H6,"") | N6: =IFERROR(K6*H6,"")
L7: =IFERROR(I7*H7,"") | M7: =IFERROR(J7*H7,"") | N7: =IFERROR(K7*H7,"")
L8: =IFERROR(I8*H8,"") | M8: =IFERROR(J8*H8,"") | N8: =IFERROR(K8*H8,"")
L9: =IFERROR(I9*H9,"") | M9: =IFERROR(J9*H9,"") | N9: =IFERROR(K9*H9,"")
L10: =IFERROR(I10*H10,"") | M10: =IFERROR(J10*H10,"") | N10: =IFERROR(K10*H10,"")
L11: =IFERROR(I11*H11,"") | M11: =IFERROR(J11*H11,"") | N11: =IFERROR(K11*H11,"")
L12: =IFERROR(I12*H12,"") | M12: =IFERROR(J12*H12,"") | N12: =IFERROR(K12*H12,"")
L13: =IFERROR(I13*H13,"") | M13: =IFERROR(J13*H13,"") | N13: =IFERROR(K13*H13,"")
L14: =IFERROR(I14*H14,"") | M14: =IFERROR(J14*H14,"") | N14: =IFERROR(K14*H14,"")
L15: =IFERROR(I15*H15,"") | M15: =IFERROR(J15*H15,"") | N15: =IFERROR(K15*H15,"")
... L33: =IFERROR(I33*H33,"") | M33: =IFERROR(J33*H33,"") | N33: =IFERROR(K33*H33,"")
D34: SCENARIO TOTAL | L34: =SUM(L4:L33) | M34: =SUM(M4:M33) | N34: =SUM(N4:N33)

Sheet 8-Detailed Estimates
A1: Detailed Estimates — FP Decomposition Aggregates & Actuals
A2: Scenario ID | B2: Feature | C2: Sprint | D2: Size | E2: SP (internal) | F2: FP weight (client) | G2: FP Decomp Min (K) | H2: FP Decomp Exp (K) | I2: FP Decomp Max (K) | J2: L1 Exp (K) | K2: L1/L2 Delta % | L2: Actual Tokens (K) | M2: Token VF | N2: AFP Est. | O2: AFP VF | P2: Status | Q2: Notes
D3: M | E3: =IFERROR(VLOOKUP(D3,'1-Setup'!$A$17:$B$21,2,FALSE),"") | F3: =IFERROR(VLOOKUP(D3,'1-Setup'!$A$17:$C$21,3,FALSE),"") | J3: =IFERROR(VLOOKUP(A3,'2-Scenario List'!$A$3:$L$27,12,FALSE),"") | K3: =IFERROR((H3-J3)/J3,"") | M3: =IFERROR(L3/H3,"") | N3: =IFERROR(F3*'0-Client Quote'!$B$7*'0-Client Quote'!$B$8,"") | O3: =IFERROR(F3/N3,"") | P3: PLANNED
D4: M | E4: =IFERROR(VLOOKUP(D4,'1-Setup'!$A$17:$B$21,2,FALSE),"") | F4: =IFERROR(VLOOKUP(D4,'1-Setup'!$A$17:$C$21,3,FALSE),"") | J4: =IFERROR(VLOOKUP(A4,'2-Scenario List'!$A$3:$L$27,12,FALSE),"") | K4: =IFERROR((H4-J4)/J4,"") | M4: =IFERROR(L4/H4,"") | N4: =IFERROR(F4*'0-Client Quote'!$B$7*'0-Client Quote'!$B$8,"") | O4: =IFERROR(F4/N4,"") | P4: PLANNED
D5: M | E5: =IFERROR(VLOOKUP(D5,'1-Setup'!$A$17:$B$21,2,FALSE),"") | F5: =IFERROR(VLOOKUP(D5,'1-Setup'!$A$17:$C$21,3,FALSE),"") | J5: =IFERROR(VLOOKUP(A5,'2-Scenario List'!$A$3:$L$27,12,FALSE),"") | K5: =IFERROR((H5-J5)/J5,"") | M5: =IFERROR(L5/H5,"") | N5: =IFERROR(F5*'0-Client Quote'!$B$7*'0-Client Quote'!$B$8,"") | O5: =IFERROR(F5/N5,"") | P5: PLANNED
D6: M | E6: =IFERROR(VLOOKUP(D6,'1-Setup'!$A$17:$B$21,2,FALSE),"") | F6: =IFERROR(VLOOKUP(D6,'1-Setup'!$A$17:$C$21,3,FALSE),"") | J6: =IFERROR(VLOOKUP(A6,'2-Scenario List'!$A$3:$L$27,12,FALSE),"") | K6: =IFERROR((H6-J6)/J6,"") | M6: =IFERROR(L6/H6,"") | N6: =IFERROR(F6*'0-Client Quote'!$B$7*'0-Client Quote'!$B$8,"") | O6: =IFERROR(F6/N6,"") | P6: PLANNED
D7: M | E7: =IFERROR(VLOOKUP(D7,'1-Setup'!$A$17:$B$21,2,FALSE),"") | F7: =IFERROR(VLOOKUP(D7,'1-Setup'!$A$17:$C$21,3,FALSE),"") | J7: =IFERROR(VLOOKUP(A7,'2-Scenario List'!$A$3:$L$27,12,FALSE),"") | K7: =IFERROR((H7-J7)/J7,"") | M7: =IFERROR(L7/H7,"") | N7: =IFERROR(F7*'0-Client Quote'!$B$7*'0-Client Quote'!$B$8,"") | O7: =IFERROR(F7/N7,"") | P7: PLANNED
D8: M | E8: =IFERROR(VLOOKUP(D8,'1-Setup'!$A$17:$B$21,2,FALSE),"") | F8: =IFERROR(VLOOKUP(D8,'1-Setup'!$A$17:$C$21,3,FALSE),"") | J8: =IFERROR(VLOOKUP(A8,'2-Scenario List'!$A$3:$L$27,12,FALSE),"") | K8: =IFERROR((H8-J8)/J8,"") | M8: =IFERROR(L8/H8,"") | N8: =IFERROR(F8*'0-Client Quote'!$B$7*'0-Client Quote'!$B$8,"") | O8: =IFERROR(F8/N8,"") | P8: PLANNED
D9: M | E9: =IFERROR(VLOOKUP(D9,'1-Setup'!$A$17:$B$21,2,FALSE),"") | F9: =IFERROR(VLOOKUP(D9,'1-Setup'!$A$17:$C$21,3,FALSE),"") | J9: =IFERROR(VLOOKUP(A9,'2-Scenario List'!$A$3:$L$27,12,FALSE),"") | K9: =IFERROR((H9-J9)/J9,"") | M9: =IFERROR(L9/H9,"") | N9: =IFERROR(F9*'0-Client Quote'!$B$7*'0-Client Quote'!$B$8,"") | O9: =IFERROR(F9/N9,"") | P9: PLANNED
D10: M | E10: =IFERROR(VLOOKUP(D10,'1-Setup'!$A$17:$B$21,2,FALSE),"") | F10: =IFERROR(VLOOKUP(D10,'1-Setup'!$A$17:$C$21,3,FALSE),"") | J10: =IFERROR(VLOOKUP(A10,'2-Scenario List'!$A$3:$L$27,12,FALSE),"") | K10: =IFERROR((H10-J10)/J10,"") | M10: =IFERROR(L10/H10,"") | N10: =IFERROR(F10*'0-Client Quote'!$B$7*'0-Client Quote'!$B$8,"") | O10: =IFERROR(F10/N10,"") | P10: PLANNED
D11: M | E11: =IFERROR(VLOOKUP(D11,'1-Setup'!$A$17:$B$21,2,FALSE),"") | F11: =IFERROR(VLOOKUP(D11,'1-Setup'!$A$17:$C$21,3,FALSE),"") | J11: =IFERROR(VLOOKUP(A11,'2-Scenario List'!$A$3:$L$27,12,FALSE),"") | K11: =IFERROR((H11-J11)/J11,"") | M11: =IFERROR(L11/H11,"") | N11: =IFERROR(F11*'0-Client Quote'!$B$7*'0-Client Quote'!$B$8,"") | O11: =IFERROR(F11/N11,"") | P11: PLANNED
D12: M | E12: =IFERROR(VLOOKUP(D12,'1-Setup'!$A$17:$B$21,2,FALSE),"") | F12: =IFERROR(VLOOKUP(D12,'1-Setup'!$A$17:$C$21,3,FALSE),"") | J12: =IFERROR(VLOOKUP(A12,'2-Scenario List'!$A$3:$L$27,12,FALSE),"") | K12: =IFERROR((H12-J12)/J12,"") | M12: =IFERROR(L12/H12,"") | N12: =IFERROR(F12*'0-Client Quote'!$B$7*'0-Client Quote'!$B$8,"") | O12: =IFERROR(F12/N12,"") | P12: PLANNED
D13: M | E13: =IFERROR(VLOOKUP(D13,'1-Setup'!$A$17:$B$21,2,FALSE),"") | F13: =IFERROR(VLOOKUP(D13,'1-Setup'!$A$17:$C$21,3,FALSE),"") | J13: =IFERROR(VLOOKUP(A13,'2-Scenario List'!$A$3:$L$27,12,FALSE),"") | K13: =IFERROR((H13-J13)/J13,"") | M13: =IFERROR(L13/H13,"") | N13: =IFERROR(F13*'0-Client Quote'!$B$7*'0-Client Quote'!$B$8,"") | O13: =IFERROR(F13/N13,"") | P13: PLANNED
D14: M | E14: =IFERROR(VLOOKUP(D14,'1-Setup'!$A$17:$B$21,2,FALSE),"") | F14: =IFERROR(VLOOKUP(D14,'1-Setup'!$A$17:$C$21,3,FALSE),"") | J14: =IFERROR(VLOOKUP(A14,'2-Scenario List'!$A$3:$L$27,12,FALSE),"") | K14: =IFERROR((H14-J14)/J14,"") | M14: =IFERROR(L14/H14,"") | N14: =IFERROR(F14*'0-Client Quote'!$B$7*'0-Client Quote'!$B$8,"") | O14: =IFERROR(F14/N14,"") | P14: PLANNED
... D27: M | E27: =IFERROR(VLOOKUP(D27,'1-Setup'!$A$17:$B$21,2,FALSE),"") | F27: =IFERROR(VLOOKUP(D27,'1-Setup'!$A$17:$C$21,3,FALSE),"") | J27: =IFERROR(VLOOKUP(A27,'2-Scenario List'!$A$3:$L$27,12,FALSE),"") | K27: =IFERROR((H27-J27)/J27,"") | M27: =IFERROR(L27/H27,"") | N27: =IFERROR(F27*'0-Client Quote'!$B$7*'0-Client Quote'!$B$8,"") | O27: =IFERROR(F27/N27,"") | P27: PLANNED
A28: PROJECT TOTAL | E28: =SUM(E3:E27) | F28: =SUM(F3:F27) | G28: =SUM(G3:G27) | H28: =SUM(H3:H27) | I28: =SUM(I3:I27) | J28: =SUM(J3:J27) | L28: =SUM(L3:L27) | M28: =IFERROR(L28/H28,"") | N28: =SUM(N3:N27)
