Workbook

Sheet 1-Setup
A1: FORGE Estimation Template — Setup & Calibration
A3: A. PROJECT PARAMETERS
A4: Project Name
A5: Sprint Duration (days) | B5: 1
A6: Daily Token Throughput (K tokens) | B6: 1500
A7: AI Model | B7: Claude Sonnet 4.x
A8: Productivity Adjustment Factor (PAF) | B8: 1.4
A9: Rework Surcharge (%) | B9: 0.12
A10: Combined Risk Multiplier (from ECF×TCF)
A11: Estimation Phase | B11: Approved Concept
A12: Convergence Min Multiplier | B12: 0.5
A13: Convergence Max Multiplier | B13: 2
A15: B. REFERENCE STORY K-TOKEN BASELINES (tokens per story point)
A16: Size | B16: SP Value | C16: K Min (K tok) | D16: K Expected (K tok) | E16: K Max (K tok) | F16: Status | G16: Source / Notes
A17: XS | B17: 0.5 | C17: 15 | D17: 25 | E17: 40 | F17: SEED | G17: Simple read-only view
A18: S | B18: 1 | C18: 30 | D18: 50 | E18: 80 | F18: SEED | G18: Single CRUD, 1 model, 3-5 scenarios
A19: M | B19: 2 | C19: 70 | D19: 110 | E19: 180 | F19: SEED | G19: 2 models, service layer, 6-10 scenarios
A20: L | B20: 5 | C20: 180 | D20: 290 | E20: 480 | F20: SEED | G20: Multi-model, integrations, 10-15 scenarios
A21: XL | B21: 8 | C21: 320 | D21: 520 | E21: 850 | F21: SEED | G21: Complex subsystem, external API, >15 scenarios
A23: C. SPRINT CAPACITY PLANNING
A24: Sprint # | B24: SP Capacity | C24: Token Budget (K, expected) | D24: Token Budget (K, max) | E24: Notes
A25: 1 | C25: =IFERROR(B25*VLOOKUP("M",$A$17:$E$21,4,FALSE()),"") -> 0 | D25: =IFERROR(B25*VLOOKUP("M",$A$17:$E$21,5,FALSE()),"") -> 0
A26: 2 | C26: =IFERROR(B26*VLOOKUP("M",$A$17:$E$21,4,FALSE()),"") -> 0 | D26: =IFERROR(B26*VLOOKUP("M",$A$17:$E$21,5,FALSE()),"") -> 0
A27: 3 | C27: =IFERROR(B27*VLOOKUP("M",$A$17:$E$21,4,FALSE()),"") -> 0 | D27: =IFERROR(B27*VLOOKUP("M",$A$17:$E$21,5,FALSE()),"") -> 0
A28: 4 | C28: =IFERROR(B28*VLOOKUP("M",$A$17:$E$21,4,FALSE()),"") -> 0 | D28: =IFERROR(B28*VLOOKUP("M",$A$17:$E$21,5,FALSE()),"") -> 0
A29: 5 | C29: =IFERROR(B29*VLOOKUP("M",$A$17:$E$21,4,FALSE()),"") -> 0 | D29: =IFERROR(B29*VLOOKUP("M",$A$17:$E$21,5,FALSE()),"") -> 0
A30: 6 | C30: =IFERROR(B30*VLOOKUP("M",$A$17:$E$21,4,FALSE()),"") -> 0 | D30: =IFERROR(B30*VLOOKUP("M",$A$17:$E$21,5,FALSE()),"") -> 0
A31: 7 | C31: =IFERROR(B31*VLOOKUP("M",$A$17:$E$21,4,FALSE()),"") -> 0 | D31: =IFERROR(B31*VLOOKUP("M",$A$17:$E$21,5,FALSE()),"") -> 0
A32: 8 | C32: =IFERROR(B32*VLOOKUP("M",$A$17:$E$21,4,FALSE()),"") -> 0 | D32: =IFERROR(B32*VLOOKUP("M",$A$17:$E$21,5,FALSE()),"") -> 0

Sheet 2-Scenario List
A1: Scenario List — Level 1 T-Shirt Sizing
A2: Scenario ID | B2: Feature | C2: Act/Group | D2: Scenario Description | E2: Size (XS/S/M/L/XL) | F2: SP Value | G2: K Min | H2: K Exp | I2: K Max | J2: Adj K Min | K2: Adj K Exp | L2: Adj K Max | M2: Sprint # | N2: Notes / Assumptions
E3: M | F3: =IFERROR(VLOOKUP(E3,'1-Setup'!A17:B21,2,FALSE()),"") -> 2 | G3: =IFERROR(VLOOKUP(E3,'1-Setup'!A17:C21,3,FALSE()),"") -> 70 | H3: =IFERROR(VLOOKUP(E3,'1-Setup'!A17:D21,4,FALSE()),"") -> 110 | I3: =IFERROR(VLOOKUP(E3,'1-Setup'!A17:E21,5,FALSE()),"") -> 180 | J3: =IFERROR(G3*F3*'1-Setup'!B10*0.85,"") -> 0 | K3: =IFERROR(H3*F3*'1-Setup'!B10,"") -> 0 | L3: =IFERROR(I3*F3*'1-Setup'!B10*1.15,"") -> 0
E4: M | F4: =IFERROR(VLOOKUP(E4,'1-Setup'!A17:B21,2,FALSE()),"") -> 2 | G4: =IFERROR(VLOOKUP(E4,'1-Setup'!A17:C21,3,FALSE()),"") -> 70 | H4: =IFERROR(VLOOKUP(E4,'1-Setup'!A17:D21,4,FALSE()),"") -> 110 | I4: =IFERROR(VLOOKUP(E4,'1-Setup'!A17:E21,5,FALSE()),"") -> 180 | J4: =IFERROR(G4*F4*'1-Setup'!B10*0.85,"") -> 0 | K4: =IFERROR(H4*F4*'1-Setup'!B10,"") -> 0 | L4: =IFERROR(I4*F4*'1-Setup'!B10*1.15,"") -> 0
E5: M | F5: =IFERROR(VLOOKUP(E5,'1-Setup'!A17:B21,2,FALSE()),"") -> 2 | G5: =IFERROR(VLOOKUP(E5,'1-Setup'!A17:C21,3,FALSE()),"") -> 70 | H5: =IFERROR(VLOOKUP(E5,'1-Setup'!A17:D21,4,FALSE()),"") -> 110 | I5: =IFERROR(VLOOKUP(E5,'1-Setup'!A17:E21,5,FALSE()),"") -> 180 | J5: =IFERROR(G5*F5*'1-Setup'!B10*0.85,"") -> 0 | K5: =IFERROR(H5*F5*'1-Setup'!B10,"") -> 0 | L5: =IFERROR(I5*F5*'1-Setup'!B10*1.15,"") -> 0
E6: M | F6: =IFERROR(VLOOKUP(E6,'1-Setup'!A17:B21,2,FALSE()),"") -> 2 | G6: =IFERROR(VLOOKUP(E6,'1-Setup'!A17:C21,3,FALSE()),"") -> 70 | H6: =IFERROR(VLOOKUP(E6,'1-Setup'!A17:D21,4,FALSE()),"") -> 110 | I6: =IFERROR(VLOOKUP(E6,'1-Setup'!A17:E21,5,FALSE()),"") -> 180 | J6: =IFERROR(G6*F6*'1-Setup'!B10*0.85,"") -> 0 | K6: =IFERROR(H6*F6*'1-Setup'!B10,"") -> 0 | L6: =IFERROR(I6*F6*'1-Setup'!B10*1.15,"") -> 0
E7: M | F7: =IFERROR(VLOOKUP(E7,'1-Setup'!A17:B21,2,FALSE()),"") -> 2 | G7: =IFERROR(VLOOKUP(E7,'1-Setup'!A17:C21,3,FALSE()),"") -> 70 | H7: =IFERROR(VLOOKUP(E7,'1-Setup'!A17:D21,4,FALSE()),"") -> 110 | I7: =IFERROR(VLOOKUP(E7,'1-Setup'!A17:E21,5,FALSE()),"") -> 180 | J7: =IFERROR(G7*F7*'1-Setup'!B10*0.85,"") -> 0 | K7: =IFERROR(H7*F7*'1-Setup'!B10,"") -> 0 | L7: =IFERROR(I7*F7*'1-Setup'!B10*1.15,"") -> 0
E8: M | F8: =IFERROR(VLOOKUP(E8,'1-Setup'!A17:B21,2,FALSE()),"") -> 2 | G8: =IFERROR(VLOOKUP(E8,'1-Setup'!A17:C21,3,FALSE()),"") -> 70 | H8: =IFERROR(VLOOKUP(E8,'1-Setup'!A17:D21,4,FALSE()),"") -> 110 | I8: =IFERROR(VLOOKUP(E8,'1-Setup'!A17:E21,5,FALSE()),"") -> 180 | J8: =IFERROR(G8*F8*'1-Setup'!B10*0.85,"") -> 0 | K8: =IFERROR(H8*F8*'1-Setup'!B10,"") -> 0 | L8: =IFERROR(I8*F8*'1-Setup'!B10*1.15,"") -> 0
E9: M | F9: =IFERROR(VLOOKUP(E9,'1-Setup'!A17:B21,2,FALSE()),"") -> 2 | G9: =IFERROR(VLOOKUP(E9,'1-Setup'!A17:C21,3,FALSE()),"") -> 70 | H9: =IFERROR(VLOOKUP(E9,'1-Setup'!A17:D21,4,FALSE()),"") -> 110 | I9: =IFERROR(VLOOKUP(E9,'1-Setup'!A17:E21,5,FALSE()),"") -> 180 | J9: =IFERROR(G9*F9*'1-Setup'!B10*0.85,"") -> 0 | K9: =IFERROR(H9*F9*'1-Setup'!B10,"") -> 0 | L9: =IFERROR(I9*F9*'1-Setup'!B10*1.15,"") -> 0
E10: M | F10: =IFERROR(VLOOKUP(E10,'1-Setup'!A17:B21,2,FALSE()),"") -> 2 | G10: =IFERROR(VLOOKUP(E10,'1-Setup'!A17:C21,3,FALSE()),"") -> 70 | H10: =IFERROR(VLOOKUP(E10,'1-Setup'!A17:D21,4,FALSE()),"") -> 110 | I10: =IFERROR(VLOOKUP(E10,'1-Setup'!A17:E21,5,FALSE()),"") -> 180 | J10: =IFERROR(G10*F10*'1-Setup'!B10*0.85,"") -> 0 | K10: =IFERROR(H10*F10*'1-Setup'!B10,"") -> 0 | L10: =IFERROR(I10*F10*'1-Setup'!B10*1.15,"") -> 0
E11: M | F11: =IFERROR(VLOOKUP(E11,'1-Setup'!A17:B21,2,FALSE()),"") -> 2 | G11: =IFERROR(VLOOKUP(E11,'1-Setup'!A17:C21,3,FALSE()),"") -> 70 | H11: =IFERROR(VLOOKUP(E11,'1-Setup'!A17:D21,4,FALSE()),"") -> 110 | I11: =IFERROR(VLOOKUP(E11,'1-Setup'!A17:E21,5,FALSE()),"") -> 180 | J11: =IFERROR(G11*F11*'1-Setup'!B10*0.85,"") -> 0 | K11: =IFERROR(H11*F11*'1-Setup'!B10,"") -> 0 | L11: =IFERROR(I11*F11*'1-Setup'!B10*1.15,"") -> 0
E12: M | F12: =IFERROR(VLOOKUP(E12,'1-Setup'!A17:B21,2,FALSE()),"") -> 2 | G12: =IFERROR(VLOOKUP(E12,'1-Setup'!A17:C21,3,FALSE()),"") -> 70 | H12: =IFERROR(VLOOKUP(E12,'1-Setup'!A17:D21,4,FALSE()),"") -> 110 | I12: =IFERROR(VLOOKUP(E12,'1-Setup'!A17:E21,5,FALSE()),"") -> 180 | J12: =IFERROR(G12*F12*'1-Setup'!B10*0.85,"") -> 0 | K12: =IFERROR(H12*F12*'1-Setup'!B10,"") -> 0 | L12: =IFERROR(I12*F12*'1-Setup'!B10*1.15,"") -> 0
E13: M | F13: =IFERROR(VLOOKUP(E13,'1-Setup'!A17:B21,2,FALSE()),"") -> 2 | G13: =IFERROR(VLOOKUP(E13,'1-Setup'!A17:C21,3,FALSE()),"") -> 70 | H13: =IFERROR(VLOOKUP(E13,'1-Setup'!A17:D21,4,FALSE()),"") -> 110 | I13: =IFERROR(VLOOKUP(E13,'1-Setup'!A17:E21,5,FALSE()),"") -> 180 | J13: =IFERROR(G13*F13*'1-Setup'!B10*0.85,"") -> 0 | K13: =IFERROR(H13*F13*'1-Setup'!B10,"") -> 0 | L13: =IFERROR(I13*F13*'1-Setup'!B10*1.15,"") -> 0
E14: M | F14: =IFERROR(VLOOKUP(E14,'1-Setup'!A17:B21,2,FALSE()),"") -> 2 | G14: =IFERROR(VLOOKUP(E14,'1-Setup'!A17:C21,3,FALSE()),"") -> 70 | H14: =IFERROR(VLOOKUP(E14,'1-Setup'!A17:D21,4,FALSE()),"") -> 110 | I14: =IFERROR(VLOOKUP(E14,'1-Setup'!A17:E21,5,FALSE()),"") -> 180 | J14: =IFERROR(G14*F14*'1-Setup'!B10*0.85,"") -> 0 | K14: =IFERROR(H14*F14*'1-Setup'!B10,"") -> 0 | L14: =IFERROR(I14*F14*'1-Setup'!B10*1.15,"") -> 0
E15: M | F15: =IFERROR(VLOOKUP(E15,'1-Setup'!A17:B21,2,FALSE()),"") -> 2 | G15: =IFERROR(VLOOKUP(E15,'1-Setup'!A17:C21,3,FALSE()),"") -> 70 | H15: =IFERROR(VLOOKUP(E15,'1-Setup'!A17:D21,4,FALSE()),"") -> 110 | I15: =IFERROR(VLOOKUP(E15,'1-Setup'!A17:E21,5,FALSE()),"") -> 180 | J15: =IFERROR(G15*F15*'1-Setup'!B10*0.85,"") -> 0 | K15: =IFERROR(H15*F15*'1-Setup'!B10,"") -> 0 | L15: =IFERROR(I15*F15*'1-Setup'!B10*1.15,"") -> 0
E16: M | F16: =IFERROR(VLOOKUP(E16,'1-Setup'!A17:B21,2,FALSE()),"") -> 2 | G16: =IFERROR(VLOOKUP(E16,'1-Setup'!A17:C21,3,FALSE()),"") -> 70 | H16: =IFERROR(VLOOKUP(E16,'1-Setup'!A17:D21,4,FALSE()),"") -> 110 | I16: =IFERROR(VLOOKUP(E16,'1-Setup'!A17:E21,5,FALSE()),"") -> 180 | J16: =IFERROR(G16*F16*'1-Setup'!B10*0.85,"") -> 0 | K16: =IFERROR(H16*F16*'1-Setup'!B10,"") -> 0 | L16: =IFERROR(I16*F16*'1-Setup'!B10*1.15,"") -> 0
E17: M | F17: =IFERROR(VLOOKUP(E17,'1-Setup'!A17:B21,2,FALSE()),"") -> 2 | G17: =IFERROR(VLOOKUP(E17,'1-Setup'!A17:C21,3,FALSE()),"") -> 70 | H17: =IFERROR(VLOOKUP(E17,'1-Setup'!A17:D21,4,FALSE()),"") -> 110 | I17: =IFERROR(VLOOKUP(E17,'1-Setup'!A17:E21,5,FALSE()),"") -> 180 | J17: =IFERROR(G17*F17*'1-Setup'!B10*0.85,"") -> 0 | K17: =IFERROR(H17*F17*'1-Setup'!B10,"") -> 0 | L17: =IFERROR(I17*F17*'1-Setup'!B10*1.15,"") -> 0
A18: TOTALS | F18: =SUM(F3:F17) -> 30 | J18: =SUM(J3:J17) -> 0 | K18: =SUM(K3:K17) -> 0 | L18: =SUM(L3:L17) -> 0

Sheet 3-ECF
A1: Environmental Complexity Factors (ECF)
A2: # | B2: Factor | C2: Weight | D2: Rating (0–5) | E2: Weighted | F2: Notes
A3: E1 | B3: Familiarity with AI model/tooling | C3: 1.5 | D3: 3 | E3: =C3*D3 -> 4.5
A4: E2 | B4: Part-time participation / context switching | C4: -1 | D4: 3 | E4: =C4*D4 -> -3
A5: E3 | B5: Analyst / prompt engineering experience | C5: 0.5 | D5: 3 | E5: =C5*D5 -> 1.5
A6: E4 | B6: Lead developer application experience | C6: 0.5 | D6: 3 | E6: =C6*D6 -> 1.5
A7: E5 | B7: Motivation of team | C7: 1 | D7: 3 | E7: =C7*D7 -> 3
A8: E6 | B8: Stability of requirements | C8: 2 | D8: 3 | E8: =C8*D8 -> 6
A9: E7 | B9: Part-time users / product owners | C9: -1 | D9: 3 | E9: =C9*D9 -> -3
A10: E8 | B10: Difficulty of stack / language | C10: -1 | D10: 3 | E10: =C10*D10 -> -3
A11: AI-Specific Extension Factors
A12: A1 | B12: AI model tier (Opus=5, Sonnet=3, Haiku=1) | C12: 0.8 | D12: 3 | E12: =C12*D12 -> 2.4
A13: A2 | B13: Prompt maturity (mature=5, first use=1) | C13: 0.6 | D13: 3 | E13: =C13*D13 -> 1.8
A14: A3 | B14: Hallucination risk (low=5, high=1) | C14: -0.5 | D14: 3 | E14: =C14*D14 -> -1.5
A15: A4 | B15: Context window pressure (large=5, small=1) | C15: -0.4 | D15: 3 | E15: =C15*D15 -> -1.2
A16: A5 | B16: AI code rework rate (41% baseline = rating 3) | C16: -0.6 | D16: 3 | E16: =C16*D16 -> -1.8
A17: ECF Base | C17: =1.4+(-0.03*SUM(E3:E10)) -> 1.175
A18: AI Adjustment | C18: =1+(0.05*SUM(E12:E16)) -> 0.985
A19: ECF Final = Base × AI Adj | C19: =C17*C18 -> 1.157375
A21: → Paste ECF Final value into '1-Setup'!B10 combined multiplier cell after multiplying by TCF Final

Sheet 4-TCF
A1: Technical Complexity Factors (TCF)
A2: # | B2: Factor | C2: Weight | D2: Rating (0–5) | E2: Weighted | F2: Notes
A3: T1 | B3: Distributed system / microservices | C3: 2 | D3: 3 | E3: =C3*D3 -> 6
A4: T2 | B4: Response time / performance requirements | C4: 1 | D4: 3 | E4: =C4*D4 -> 3
A5: T3 | B5: End-user efficiency (optimized UX) | C5: 1 | D5: 3 | E5: =C5*D5 -> 3
A6: T4 | B6: Complex internal processing / algorithms | C6: 1 | D6: 3 | E6: =C6*D6 -> 3
A7: T5 | B7: Code reusability requirement | C7: 1 | D7: 3 | E7: =C7*D7 -> 3
A8: T6 | B8: Easy to install / deploy | C8: 0.5 | D8: 3 | E8: =C8*D8 -> 1.5
A9: T7 | B9: Easy to use (usability target) | C9: 0.5 | D9: 3 | E9: =C9*D9 -> 1.5
A10: T8 | B10: Portability across platforms | C10: 2 | D10: 3 | E10: =C10*D10 -> 6
A11: T9 | B11: Maintainability / easy to change | C11: 1 | D11: 3 | E11: =C11*D11 -> 3
A12: T10 | B12: Concurrent use / multi-user | C12: 1 | D12: 3 | E12: =C12*D12 -> 3
A13: T11 | B13: Security features | C13: 1 | D13: 3 | E13: =C13*D13 -> 3
A14: T12 | B14: Third-party API / direct access | C14: 1 | D14: 3 | E14: =C14*D14 -> 3
A15: T13 | B15: Special user training required | C15: 1 | D15: 3 | E15: =C15*D15 -> 3
A16: TCF Final | C16: =0.6+(0.01*SUM(E3:E15)) -> 1.02
A17: ECF Final (from ECF tab) | C17: ='3-ECF'!C19 -> 1.157375
A18: Combined Multiplier (ECF × TCF) | C18: =C16*C17 -> 1.1805225
A19: → Copy Combined Multiplier to '1-Setup'!B10

Sheet 5-Rough Estimates
A1: Rough Estimates — Level 1 Token Budget & Duration
A2: Sprint # | B2: Scenarios (count) | C2: SP Total | D2: Tokens Min (K) | E2: Tokens Exp (K) | F2: Tokens Max (K) | G2: Duration Min (days) | H2: Duration Exp (days) | I2: Duration Max (days) | J2: Phase | K2: Calibration | L2: Cumul Tokens Exp (K) | M2: Notes
A3: 1 | D3: =IFERROR(C3*VLOOKUP("M",'1-Setup'!A17:C21,3,FALSE())*'1-Setup'!B10*0.85,"") -> 0 | E3: =IFERROR(C3*VLOOKUP("M",'1-Setup'!A17:D21,4,FALSE())*'1-Setup'!B10,"") -> 0 | F3: =IFERROR(C3*VLOOKUP("M",'1-Setup'!A17:E21,5,FALSE())*'1-Setup'!B10*1.15,"") -> 0 | G3: =IFERROR(D3/'1-Setup'!B6,"") -> 0 | H3: =IFERROR(E3/'1-Setup'!B6,"") -> 0 | I3: =IFERROR(F3/'1-Setup'!B6,"") -> 0 | J3: Approved Concept | K3: SEED | L3: =IFERROR(SUM($E$3:E3),"") -> 0
A4: 2 | D4: =IFERROR(C4*VLOOKUP("M",'1-Setup'!A17:C21,3,FALSE())*'1-Setup'!B10*0.85,"") -> 0 | E4: =IFERROR(C4*VLOOKUP("M",'1-Setup'!A17:D21,4,FALSE())*'1-Setup'!B10,"") -> 0 | F4: =IFERROR(C4*VLOOKUP("M",'1-Setup'!A17:E21,5,FALSE())*'1-Setup'!B10*1.15,"") -> 0 | G4: =IFERROR(D4/'1-Setup'!B6,"") -> 0 | H4: =IFERROR(E4/'1-Setup'!B6,"") -> 0 | I4: =IFERROR(F4/'1-Setup'!B6,"") -> 0 | J4: Approved Concept | K4: SEED | L4: =IFERROR(SUM($E$3:E4),"") -> 0
A5: 3 | D5: =IFERROR(C5*VLOOKUP("M",'1-Setup'!A17:C21,3,FALSE())*'1-Setup'!B10*0.85,"") -> 0 | E5: =IFERROR(C5*VLOOKUP("M",'1-Setup'!A17:D21,4,FALSE())*'1-Setup'!B10,"") -> 0 | F5: =IFERROR(C5*VLOOKUP("M",'1-Setup'!A17:E21,5,FALSE())*'1-Setup'!B10*1.15,"") -> 0 | G5: =IFERROR(D5/'1-Setup'!B6,"") -> 0 | H5: =IFERROR(E5/'1-Setup'!B6,"") -> 0 | I5: =IFERROR(F5/'1-Setup'!B6,"") -> 0 | J5: Approved Concept | K5: SEED | L5: =IFERROR(SUM($E$3:E5),"") -> 0
A6: 4 | D6: =IFERROR(C6*VLOOKUP("M",'1-Setup'!A17:C21,3,FALSE())*'1-Setup'!B10*0.85,"") -> 0 | E6: =IFERROR(C6*VLOOKUP("M",'1-Setup'!A17:D21,4,FALSE())*'1-Setup'!B10,"") -> 0 | F6: =IFERROR(C6*VLOOKUP("M",'1-Setup'!A17:E21,5,FALSE())*'1-Setup'!B10*1.15,"") -> 0 | G6: =IFERROR(D6/'1-Setup'!B6,"") -> 0 | H6: =IFERROR(E6/'1-Setup'!B6,"") -> 0 | I6: =IFERROR(F6/'1-Setup'!B6,"") -> 0 | J6: Approved Concept | K6: SEED | L6: =IFERROR(SUM($E$3:E6),"") -> 0
A7: 5 | D7: =IFERROR(C7*VLOOKUP("M",'1-Setup'!A17:C21,3,FALSE())*'1-Setup'!B10*0.85,"") -> 0 | E7: =IFERROR(C7*VLOOKUP("M",'1-Setup'!A17:D21,4,FALSE())*'1-Setup'!B10,"") -> 0 | F7: =IFERROR(C7*VLOOKUP("M",'1-Setup'!A17:E21,5,FALSE())*'1-Setup'!B10*1.15,"") -> 0 | G7: =IFERROR(D7/'1-Setup'!B6,"") -> 0 | H7: =IFERROR(E7/'1-Setup'!B6,"") -> 0 | I7: =IFERROR(F7/'1-Setup'!B6,"") -> 0 | J7: Approved Concept | K7: SEED | L7: =IFERROR(SUM($E$3:E7),"") -> 0
A8: 6 | D8: =IFERROR(C8*VLOOKUP("M",'1-Setup'!A17:C21,3,FALSE())*'1-Setup'!B10*0.85,"") -> 0 | E8: =IFERROR(C8*VLOOKUP("M",'1-Setup'!A17:D21,4,FALSE())*'1-Setup'!B10,"") -> 0 | F8: =IFERROR(C8*VLOOKUP("M",'1-Setup'!A17:E21,5,FALSE())*'1-Setup'!B10*1.15,"") -> 0 | G8: =IFERROR(D8/'1-Setup'!B6,"") -> 0 | H8: =IFERROR(E8/'1-Setup'!B6,"") -> 0 | I8: =IFERROR(F8/'1-Setup'!B6,"") -> 0 | J8: Approved Concept | K8: SEED | L8: =IFERROR(SUM($E$3:E8),"") -> 0
A9: 7 | D9: =IFERROR(C9*VLOOKUP("M",'1-Setup'!A17:C21,3,FALSE())*'1-Setup'!B10*0.85,"") -> 0 | E9: =IFERROR(C9*VLOOKUP("M",'1-Setup'!A17:D21,4,FALSE())*'1-Setup'!B10,"") -> 0 | F9: =IFERROR(C9*VLOOKUP("M",'1-Setup'!A17:E21,5,FALSE())*'1-Setup'!B10*1.15,"") -> 0 | G9: =IFERROR(D9/'1-Setup'!B6,"") -> 0 | H9: =IFERROR(E9/'1-Setup'!B6,"") -> 0 | I9: =IFERROR(F9/'1-Setup'!B6,"") -> 0 | J9: Approved Concept | K9: SEED | L9: =IFERROR(SUM($E$3:E9),"") -> 0
A10: 8 | D10: =IFERROR(C10*VLOOKUP("M",'1-Setup'!A17:C21,3,FALSE())*'1-Setup'!B10*0.85,"") -> 0 | E10: =IFERROR(C10*VLOOKUP("M",'1-Setup'!A17:D21,4,FALSE())*'1-Setup'!B10,"") -> 0 | F10: =IFERROR(C10*VLOOKUP("M",'1-Setup'!A17:E21,5,FALSE())*'1-Setup'!B10*1.15,"") -> 0 | G10: =IFERROR(D10/'1-Setup'!B6,"") -> 0 | H10: =IFERROR(E10/'1-Setup'!B6,"") -> 0 | I10: =IFERROR(F10/'1-Setup'!B6,"") -> 0 | J10: Approved Concept | K10: SEED | L10: =IFERROR(SUM($E$3:E10),"") -> 0
A11: PROJECT TOTAL | C11: =SUM(C3:C10) -> 0 | D11: =SUM(D3:D10) -> 0 | E11: =SUM(E3:E10) -> 0 | F11: =SUM(F3:F10) -> 0 | G11: =SUM(G3:G10) -> 0 | H11: =SUM(H3:H10) -> 0 | I11: =SUM(I3:I10) -> 0

Sheet 6-Monte Carlo
A1: Monte Carlo Simulation — P50 / P80 / P95 Forecasts
A3: SIMULATION PARAMETERS
A4: Iterations | B4: 10000
A5: Scenarios (from Scenario List) | B5: =COUNTA('2-Scenario List'!A3:A17) -> 0
A6: Distribution Type | B6: Triangular
A7: Sprint Dependency | B7: Sequential
A8: Daily Throughput (K tokens) | B8: ='1-Setup'!B6 -> 1500
A9: Combined Multiplier | B9: ='1-Setup'!B10 -> 0
A11: SIMULATION RESULTS (run VBA macro: Alt+F8 → RunMonteCarloSimulation)
A12: Percentile | B12: Probability | C12: Token Budget (K) | D12: Token Budget ($) | E12: Duration (days) | F12: Est. Completion Date
A13: P10 | B13: 10%
A14: P50 — Median | B14: 50%
A15: P80 — Planning Target ★ | B15: 80%
A16: P95 — Conservative Commitment | B16: 95%
A18: EBS CHART — Release Date Certainty (auto-populated by VBA macro)
A19: The VBA macro will generate two S-curve charts here: Curve 1: Token Budget Certainty (x = K tokens, y = probability of completion) Curve 2: Duration Certainty (x = calendar date, y = probability of on-time delivery) To run the simulation manually without VBA: 1. Copy Scenario List PERT triplets (cols G, H, I) to a simulation tool 2. Use =NORM.INV(RAND(), expected, (max-min)/6) for each scenario 3. Sum 10,000 samples per iteration 4. Sort totals ascending and read off P50, P80, P95 positions

Sheet 7-WBS Features
A1: Work Breakdown Structure — Level 2 Decomposition (requires SAO.md)
A2: Scenario ID | B2: Feature | C2: Sprint | D2: Work Package # | E2: Artifact Type | F2: BPE Activity | G2: Reuse Flag | H2: Reuse Mult. | I2: WP Min (K) | J2: WP Exp (K) | K2: WP Max (K) | L2: Adj Min | M2: Adj Exp | N2: Adj Max
D3: WP-01 | E3: Django Model + Admin | F3: BPE-02 | G3: NEW | H3: 1 | I3: 10 | J3: 15 | K3: 25 | L3: =I3*H3 -> 10 | M3: =J3*H3 -> 15 | N3: =K3*H3 -> 25
D4: WP-02 | E4: Repository Methods | F4: BPE-02 | G4: NEW | H4: 1 | I4: 6 | J4: 10 | K4: 16 | L4: =I4*H4 -> 6 | M4: =J4*H4 -> 10 | N4: =K4*H4 -> 16
D5: WP-03 | E5: Service Layer | F5: BPE-02 | G5: NEW | H5: 1 | I5: 12 | J5: 18 | K5: 30 | L5: =I5*H5 -> 12 | M5: =J5*H5 -> 18 | N5: =K5*H5 -> 30
D6: WP-04 | E6: Django View + URL | F6: BPE-02 | G6: NEW | H6: 1 | I6: 8 | J6: 12 | K6: 20 | L6: =I6*H6 -> 8 | M6: =J6*H6 -> 12 | N6: =K6*H6 -> 20
D7: WP-05 | E7: Unit + Integration Tests | F7: BPE-02 | G7: NEW | H7: 1 | I7: 13 | J7: 20 | K7: 33 | L7: =I7*H7 -> 13 | M7: =J7*H7 -> 20 | N7: =K7*H7 -> 33
D8: WP-06 | E8: Django Template + HTMX | F8: BPE-03 | G8: NEW | H8: 1 | I8: 10 | J8: 16 | K8: 26 | L8: =I8*H8 -> 10 | M8: =J8*H8 -> 16 | N8: =K8*H8 -> 26
D9: WP-07 | E9: Template Partials | F9: BPE-03 | G9: NEW | H9: 1 | I9: 5 | J9: 8 | K9: 13 | L9: =I9*H9 -> 5 | M9: =J9*H9 -> 8 | N9: =K9*H9 -> 13
D10: WP-08 | E10: Feature Acceptance Tests | F10: BPE-04 | G10: NEW | H10: 1 | I10: 9 | J10: 14 | K10: 23 | L10: =I10*H10 -> 9 | M10: =J10*H10 -> 14 | N10: =K10*H10 -> 23
D11: WP-09 | E11: Journey Certification Tests | F11: BPE-05 | G11: NEW | H11: 1 | I11: 6 | J11: 10 | K11: 16 | L11: =I11*H11 -> 6 | M11: =J11*H11 -> 10 | N11: =K11*H11 -> 16
D12: WP-10 | E12: DoD Checklist Review | F12: BPE-06 | G12: NEW | H12: 1 | I12: 4 | J12: 6 | K12: 10 | L12: =I12*H12 -> 4 | M12: =J12*H12 -> 6 | N12: =K12*H12 -> 10
D13: WP-11 | E13: E2E Tests + PR | F13: BPE-07 | G13: NEW | H13: 1 | I13: 7 | J13: 11 | K13: 18 | L13: =I13*H13 -> 7 | M13: =J13*H13 -> 11 | N13: =K13*H13 -> 18
D14: WP-12 | E14: Implementation Plan | F14: BPE-01 | G14: NEW | H14: 1 | I14: 5 | J14: 8 | K14: 13 | L14: =I14*H14 -> 5 | M14: =J14*H14 -> 8 | N14: =K14*H14 -> 13
D15: SCENARIO TOTAL | L15: =SUM(L3:L14) -> 95 | M15: =SUM(M3:M14) -> 148 | N15: =SUM(N3:N14) -> 243

Sheet 8-Detailed Estimates
A1: Detailed Estimates — Level 2 Scenario Aggregates & Actuals
A2: Scenario ID | B2: Feature | C2: Sprint | D2: Size | E2: SP | F2: L2 Min (K) | G2: L2 Exp (K) | H2: L2 Max (K) | I2: L1 Exp (K) | J2: L1/L2 Delta % | K2: Actual Tokens (K) | L2: Velocity Factor | M2: Status | N2: Confidence | O2: Notes
D3: M | E3: =IFERROR(VLOOKUP(D3,'1-Setup'!A17:B21,2,FALSE()),"") -> 2 | I3: =IFERROR(VLOOKUP(A3,'2-Scenario List'!A3:L17,11,FALSE()),"") | J3: =IFERROR((G3-I3)/I3,"") | L3: =IFERROR(K3/G3,"") | M3: PLANNED | N3: SEED
D4: M | E4: =IFERROR(VLOOKUP(D4,'1-Setup'!A17:B21,2,FALSE()),"") -> 2 | I4: =IFERROR(VLOOKUP(A4,'2-Scenario List'!A3:L17,11,FALSE()),"") | J4: =IFERROR((G4-I4)/I4,"") | L4: =IFERROR(K4/G4,"") | M4: PLANNED | N4: SEED
D5: M | E5: =IFERROR(VLOOKUP(D5,'1-Setup'!A17:B21,2,FALSE()),"") -> 2 | I5: =IFERROR(VLOOKUP(A5,'2-Scenario List'!A3:L17,11,FALSE()),"") | J5: =IFERROR((G5-I5)/I5,"") | L5: =IFERROR(K5/G5,"") | M5: PLANNED | N5: SEED
D6: M | E6: =IFERROR(VLOOKUP(D6,'1-Setup'!A17:B21,2,FALSE()),"") -> 2 | I6: =IFERROR(VLOOKUP(A6,'2-Scenario List'!A3:L17,11,FALSE()),"") | J6: =IFERROR((G6-I6)/I6,"") | L6: =IFERROR(K6/G6,"") | M6: PLANNED | N6: SEED
D7: M | E7: =IFERROR(VLOOKUP(D7,'1-Setup'!A17:B21,2,FALSE()),"") -> 2 | I7: =IFERROR(VLOOKUP(A7,'2-Scenario List'!A3:L17,11,FALSE()),"") | J7: =IFERROR((G7-I7)/I7,"") | L7: =IFERROR(K7/G7,"") | M7: PLANNED | N7: SEED
D8: M | E8: =IFERROR(VLOOKUP(D8,'1-Setup'!A17:B21,2,FALSE()),"") -> 2 | I8: =IFERROR(VLOOKUP(A8,'2-Scenario List'!A3:L17,11,FALSE()),"") | J8: =IFERROR((G8-I8)/I8,"") | L8: =IFERROR(K8/G8,"") | M8: PLANNED | N8: SEED
D9: M | E9: =IFERROR(VLOOKUP(D9,'1-Setup'!A17:B21,2,FALSE()),"") -> 2 | I9: =IFERROR(VLOOKUP(A9,'2-Scenario List'!A3:L17,11,FALSE()),"") | J9: =IFERROR((G9-I9)/I9,"") | L9: =IFERROR(K9/G9,"") | M9: PLANNED | N9: SEED
D10: M | E10: =IFERROR(VLOOKUP(D10,'1-Setup'!A17:B21,2,FALSE()),"") -> 2 | I10: =IFERROR(VLOOKUP(A10,'2-Scenario List'!A3:L17,11,FALSE()),"") | J10: =IFERROR((G10-I10)/I10,"") | L10: =IFERROR(K10/G10,"") | M10: PLANNED | N10: SEED
D11: M | E11: =IFERROR(VLOOKUP(D11,'1-Setup'!A17:B21,2,FALSE()),"") -> 2 | I11: =IFERROR(VLOOKUP(A11,'2-Scenario List'!A3:L17,11,FALSE()),"") | J11: =IFERROR((G11-I11)/I11,"") | L11: =IFERROR(K11/G11,"") | M11: PLANNED | N11: SEED
D12: M | E12: =IFERROR(VLOOKUP(D12,'1-Setup'!A17:B21,2,FALSE()),"") -> 2 | I12: =IFERROR(VLOOKUP(A12,'2-Scenario List'!A3:L17,11,FALSE()),"") | J12: =IFERROR((G12-I12)/I12,"") | L12: =IFERROR(K12/G12,"") | M12: PLANNED | N12: SEED
D13: M | E13: =IFERROR(VLOOKUP(D13,'1-Setup'!A17:B21,2,FALSE()),"") -> 2 | I13: =IFERROR(VLOOKUP(A13,'2-Scenario List'!A3:L17,11,FALSE()),"") | J13: =IFERROR((G13-I13)/I13,"") | L13: =IFERROR(K13/G13,"") | M13: PLANNED | N13: SEED
D14: M | E14: =IFERROR(VLOOKUP(D14,'1-Setup'!A17:B21,2,FALSE()),"") -> 2 | I14: =IFERROR(VLOOKUP(A14,'2-Scenario List'!A3:L17,11,FALSE()),"") | J14: =IFERROR((G14-I14)/I14,"") | L14: =IFERROR(K14/G14,"") | M14: PLANNED | N14: SEED
D15: M | E15: =IFERROR(VLOOKUP(D15,'1-Setup'!A17:B21,2,FALSE()),"") -> 2 | I15: =IFERROR(VLOOKUP(A15,'2-Scenario List'!A3:L17,11,FALSE()),"") | J15: =IFERROR((G15-I15)/I15,"") | L15: =IFERROR(K15/G15,"") | M15: PLANNED | N15: SEED
D16: M | E16: =IFERROR(VLOOKUP(D16,'1-Setup'!A17:B21,2,FALSE()),"") -> 2 | I16: =IFERROR(VLOOKUP(A16,'2-Scenario List'!A3:L17,11,FALSE()),"") | J16: =IFERROR((G16-I16)/I16,"") | L16: =IFERROR(K16/G16,"") | M16: PLANNED | N16: SEED
D17: M | E17: =IFERROR(VLOOKUP(D17,'1-Setup'!A17:B21,2,FALSE()),"") -> 2 | I17: =IFERROR(VLOOKUP(A17,'2-Scenario List'!A3:L17,11,FALSE()),"") | J17: =IFERROR((G17-I17)/I17,"") | L17: =IFERROR(K17/G17,"") | M17: PLANNED | N17: SEED
A18: PROJECT TOTAL | F18: =SUM(F3:F17) -> 0 | G18: =SUM(G3:G17) -> 0 | H18: =SUM(H3:H17) -> 0 | I18: =SUM(I3:I17) -> 0 | K18: =SUM(K3:K17) -> 0 | L18: =IFERROR(K18/G18,"")
